<?xml version="1.0" encoding="UTF-8"?>
<project-private xmlns="http://www.netbeans.org/ns/project-private/1">
    <editor-bookmarks xmlns="http://www.netbeans.org/ns/editor-bookmarks/2" lastBookmarkId="0"/>
    <open-files xmlns="http://www.netbeans.org/ns/projectui-open-files/2">
        <group>
            <file>file:/home/aroquemaurel/cours/M1/CISI/TP/TP5_CISI/src/fr/irit/ics/piechart/views/JTextFieldPercent.java</file>
            <file>file:/home/aroquemaurel/cours/M1/CISI/TP/TP5_CISI/src/fr/irit/ics/piechart/UtilitiesPieChart.java</file>
            <file>file:/home/aroquemaurel/cours/M1/CISI/TP/TP5_CISI/src/fr/irit/ics/piechart/models/Model.java</file>
            <file>file:/home/aroquemaurel/cours/M1/CISI/TP/TP5_CISI/src/fr/irit/ics/piechart/Frame.java</file>
            <file>file:/home/aroquemaurel/cours/M1/CISI/TP/TP5_CISI/src/fr/irit/ics/piechart/models/IModel.java</file>
        </group>
    </open-files>
</project-private>
